{
  "H+" : 1.007276,
  "H" : 1.00784,
  "O" : 15.99903,
  "N" : 14.003074,
  "C" : 12
}
